{"weights":[{"row":19,"column":8,"elements":[0.8156727676923481,-0.044433471424488977,0.20637461289507642,-0.4211590320727262,0.7940117875470701,-0.06957607445788838,-0.6269640189593565,0.79768927090266,-0.15405051599001763,0.7576607687956116,-0.46249244506332368,-0.5090716891993005,0.28375584794225,0.6283882293463887,0.33058652876215419,0.8331203135832919,-0.8956224903938266,-0.491385894910388,-0.6040044759617906,0.5870434819739798,-0.8801875040346587,-0.2848965899088334,-0.5025401191687653,-0.18414779058069936,-0.42421482686650338,-0.7670250786029113,0.9270959688383932,0.238480564954358,0.14901613309586315,-0.8043000978647038,-0.48235306333708208,-0.9564763078406759,-0.5623087164335385,-0.19691614919262002,0.557652390865923,0.1407826216703758,-0.45658314483003106,0.7697500795112774,-0.0576909319874947,-0.18386321247629157,-0.2505250042734154,0.6007766497814426,0.20690165782559404,0.798468939651358,-0.16506005455625018,0.33770230866297398,0.35154557880407746,-0.46029408095786197,0.4942247623991394,-0.2566777482854883,-0.7134512259832826,-0.9755896807960847,-0.1726509994737866,-0.9577462480905521,-0.8559412333348084,-1.008065408910167,-0.4554405380991402,0.7672886593233681,-0.43709425626420286,0.7930278434675591,-0.37518952798209195,-0.4649982525138767,0.7980157972828852,0.9585632872156831,1.0455557872203812,0.29685827203293627,0.34747681307283276,0.8298239380369821,-0.49922260469661985,0.5841946601867676,-0.719227710684424,0.3868132379973849,-1.045588053350303,-0.3212467285919156,-0.44802086869887516,-0.13539223615432229,-0.8971777217087686,-0.5909784111300471,-0.027166555544556049,-0.07343122798681678,0.5393969985552616,-0.6921988594503574,0.6129152916218077,-0.9582847676383768,-1.940584143142362,0.9067532170243955,0.21856077426724386,0.6104963338465366,0.9580315994917463,0.6959491703688079,0.5842607292898062,-0.4823969278537379,-0.38896488131089365,0.870246171951294,-0.20437548191986289,0.7571919418258272,-0.017906285323813999,0.44959872382322266,-0.6250657926605999,1.063650440415478,1.1508727950745444,-0.38914705290244369,-0.07675247744362146,-0.06284047709071783,1.1082327479105203,-0.5176582851191638,0.5984858040487157,0.20400283126237185,-0.957001055342835,-0.7207462707330259,-1.092779764460988,-0.6359806046619456,-0.08036545107469806,-0.02327752819911022,-0.6652733657070038,-0.6048117005189958,0.3242008234419829,0.3841558297472667,0.8729758401905093,0.9352366305080673,0.7267358222392515,0.3633149765006916,-0.13098899614954499,0.4099906516739028,-0.7714242323113503,-1.6884474044390486,-0.64957585458562,0.9464873834576493,-0.4490091213580889,0.9851301089231175,-0.489059373371729,0.654206369188569,0.7014022684015201,0.8831710940042714,-0.9951068088479302,0.6648001670837402,0.7108375050281737,-0.5753696219281917,0.8744743494687194,0.8231521399169737,-1.0131051136605383,-0.28747021887059068,-0.7521989992533464,0.9425214134923152,0.9832510570748103,-0.23949984051917107,0.10385619841341698,-0.15410363674163819,-0.6702716789887746,-0.5695473518595352,0.8611206888411194,1.0643794069727178]},{"row":8,"column":8,"elements":[0.6358917284660643,0.07285167763467879,-0.6447855297742495,-0.08943983305184022,-0.9155346267270502,-0.39899214124833795,-0.40915371164542149,0.29349956022520998,-0.3743543039733479,-0.36739758436475947,-0.638489811405055,0.005101731887889316,0.8993741869926453,0.30527659377334617,0.43696506679589688,0.5194969509354835,0.9658529234519756,-0.8917942995911261,0.6791839420056335,-0.1022388618588308,0.18323886031001725,-0.886619607888786,0.5102471221742745,-0.04387688683183233,-0.3105614763600482,1.320100525303976,-0.7927027069908739,-0.4288716888697177,-0.21079539543591006,0.40479159978352788,-0.5946589212611859,0.6380191759866944,-0.4819033823702059,0.6294215858589789,0.648317970330401,-0.18364240005172417,0.20993931201642369,-0.43026841856899758,-0.4204290012519162,-0.17310448884520369,-0.09645077417916515,0.4314250586016324,-0.09479363818439468,0.7054884653358126,-0.9853814146034965,-1.2267501837311453,-0.4034244753783111,-0.30396296747432918,0.9769419660931504,-0.8503008888660457,-1.1214299776222719,-0.587910265256212,0.20721845485955815,0.06544811014877183,0.7782260299640078,-0.9770077419402724,-1.0550470110490434,-0.7787682997676048,-0.3047736288431977,0.3173115768888721,0.6813810188875173,0.6466297090112078,-0.6501774221481209,-0.4771291213426707]},{"row":8,"column":8,"elements":[-0.38121140247447596,0.22285965525629604,0.6331044654594416,0.2824165736662494,0.5169826570596234,0.5489163875854395,0.11711094039573555,0.23759146508116658,0.6066003540043361,0.5751596834604937,-0.9103074154993027,0.7625789763326294,-0.6773332658981668,-0.06566228653044215,0.06399670920381284,0.029068836812122246,0.8541475863855121,0.5030239238566074,-0.6641301005727711,-0.778753258473481,-0.8002243355834764,0.8116465990198896,0.6725176597399998,0.7964940158531775,-0.5236065682640323,-0.9548908458211227,-0.30297662699488139,-0.9136258057291057,0.812453031539917,-0.5144294660931763,0.10752699475325733,-0.6722335038240541,0.5491269938330334,0.7776799372633431,-0.8796292250859226,-0.7564599967337662,0.5686014476278811,1.0418246160749672,-0.17278500234349498,0.4568315122209571,-0.35392064227673206,-0.6636493781797155,0.6154421202720359,-0.1527052443414748,-0.37051069371107106,-0.6826133693488545,-0.3214458293024336,0.4051945513031947,-0.1492818554026356,-0.8514587879180908,0.9061316890586938,0.9042032907956285,0.6639036135221657,-0.036496401329153108,-0.849821799546405,0.42028454759358638,0.10769438424062306,-0.8845051143716765,0.4002315643533232,0.7476942394293582,-0.4900248090000301,-0.2952089086355991,-0.34620093698767198,-0.21175968647003175]},{"row":8,"column":8,"elements":[0.6675421235096071,-0.3657851928425675,1.096709381684023,0.8039527229951242,-0.0071478659773961399,-0.46277957531337945,0.44111325194222497,0.777484507955562,0.29026127824102079,1.0167812555386982,-1.1181778281988116,-0.6450230918023638,-0.44371711903194469,0.6747473997240598,-0.040606366385203877,-0.7397071591572708,0.002669062237529829,-0.9501101560295431,0.3618377417772725,-0.4308320365823407,0.3849567508272014,-0.8534952677490835,0.2624353945392417,-0.9603457187371309,2.0704962053292577,-0.24863559518595935,0.012379994917235404,-1.0298259545861195,0.4089843100681253,0.3564936371192944,0.5636017353916627,0.938429964960116,-0.23675342122081284,-0.5498475449164791,-0.059119858600740208,-0.6257921426101525,0.45158728432123509,-0.5233983994908993,0.5783944609955949,0.28623766812917386,0.34823371903415969,0.5446719322294648,0.5432665581395424,0.2333520058335625,0.4619239734089331,0.07350046832522594,-0.459415332269967,0.7916318399250741,-0.5296928882598877,-0.3048288790741771,0.7893052906549191,-0.8084962886957694,-0.1764155319338644,-0.6854428705926674,0.9549551193024495,0.309161977295482,-0.01608295337208604,0.5680609759390403,-0.8570704705316856,0.9461353485227056,-0.08404908431704178,0.2927109963383874,-0.39972485616872346,0.3606841880671976]},{"row":8,"column":4,"elements":[-0.7320754234846163,-0.42816858012252659,0.12094111401816266,0.6356019261430317,0.8272694455356553,-0.28643048577411048,0.28905076255031317,-0.11426799073368654,-0.33090338079792649,0.7873084012825173,-0.6379161331727499,-0.8071253474798825,-0.5652479448507424,-0.2784301704054921,-0.4138707782355655,0.10792633290987663,-0.9008381513744579,0.04921789497869988,0.37212040468993226,-0.6448560558099561,-0.04162392694477668,-0.25477164894257089,-0.9177882649092404,-0.7467116592509459,0.2335793416914388,-0.011277079582214356,0.986635684967041,0.10611467688472454,-0.9396246459706341,0.09211565255511989,-0.2322570296407226,0.831073297698482]}],"biases":[{"row":1,"column":8,"elements":[-0.7226955233153749,0.20458897647841935,-0.8840418043821642,-0.15759588041287787,0.09667664318349889,-0.10366194916465943,-0.23408830165863038,-0.8654977816232754]},{"row":1,"column":8,