{"weights":[{"row":46,"column":8,"elements":[0.11592696645294609,-0.8412878978767378,0.5733898048067587,-0.8300963989353427,0.4601841568773857,-0.9252225999623391,0.22798375457547416,0.5719259963184982,-0.5679208284386164,0.261700176848227,-0.42111510013900146,-0.5425590923897197,0.6877154404942569,0.7102135895428958,-0.7088306405555613,0.5313686505679112,-0.8865606270767437,0.6836737860406785,0.03202597439865129,0.890978720693635,0.8725894334343759,0.5244613443589863,-0.7665455278372959,-0.15625795752372885,-0.8495275827784674,-0.5514514651447797,0.5978426986078711,0.2490045250434889,-0.7775388329760133,1.03502901580827,-0.4532595345586543,0.7171578532682084,0.6235117804007961,0.5558153039560523,-0.8921042241221571,0.19421346485614777,0.30027181517693438,-0.10402720438105462,-0.30802394061091667,-1.455779657440475,-0.27477452368348867,-0.33147904330985175,-0.7528996831583656,-0.41748176015246588,-0.4299782422872003,-0.9322434439564731,0.3014046792930696,0.3425689570292523,0.1637939868575451,-0.5590929985046387,-0.2410669362910305,-0.6452052593231201,-0.8445816897540688,0.5728180195681034,-0.04479916841904208,0.7219956136190362,0.5920605491995117,-0.9848904446457718,0.2706319485961899,0.8385795215442364,0.019142370213965699,0.31192167473789469,0.7338028556763607,-0.6035777082998095,0.3925288806921188,0.837851253516364,0.2618596200842127,-0.008038457930794607,0.523433863641614,0.24179469048976899,-0.6617558948065714,0.45253079434092316,0.4841623410551392,-0.39592205067693989,-1.0134148077049404,-0.7106166711464788,0.41288525531683076,-0.46749827247219857,-0.3921514784669142,0.7603341911278072,0.0059779914921733738,-0.48536805439954736,-0.465091347694397,-0.38906249250865657,-0.780107710146309,-0.9941914743742046,-0.5719201851660163,0.800742548433286,-0.16038485900884859,0.621789571264804,-0.02557629279174578,1.142961365806542,-0.5594520568847656,-0.7502169707632564,0.6948005843895144,-0.5910028138576324,0.775701880072587,0.3904240213702175,0.8283143797926744,0.372254217077959,0.32801388814827928,0.3728276697452433,-0.4028012519978814,0.24543765729067602,0.017173722276279558,-0.5131261483081788,-0.527078762214563,0.9372563710695339,0.9133637901161436,0.12452039207721377,0.8982394230820425,-0.6186363126893291,0.5348704961353903,0.7543952058747401,0.32886202782412479,-0.4131882410988581,-1.0143871875041555,0.5966514275842378,-0.26610303979719687,-0.04080164432525635,0.3914520272412396,-0.4350529166324506,0.5751568235084061,-0.34267405316342627,1.1274755245489772,0.37408611168581276,-0.646455309664514,0.544226291913372,0.6083351045288712,-0.21927236853849409,-0.40733036574540729,1.0245219811147948,-0.015758948931081208,0.7659279704322621,-0.8442062623135662,-0.03424912885854958,0.6828726799796101,-0.2198926338211784,0.8631871932428403,-0.03313369023406221,0.5238352792654375,0.5767137340735822,-0.6595465873869522,-0.37929559558815387,0.24152490197808608,-0.6227855443120873,0.7519172950089565,1.8596288616460158,-0.890023430847886,0.09862056306195655,0.0543768549590844,0.2000062190960179,-0.44668263911828279,-0.04683058532671325,0.3034596405010884,-0.7152652030642877,0.7157539412731282,-0.6931977107190548,-1.3251643999220804,0.31960226488813606,0.3220553963566495,-0.3821270372522889,-0.4959302980324152,0.6413767337799072,-0.48851867713984029,1.1429678474824244,0.33145829304211107,-0.04041393913836622,0.07741843313930952,-0.6346323988748672,-0.5155985355377197,-0.13099133968353272,0.0957394048776754,0.3073672280796558,-0.30583745767659389,0.5176747694878827,0.7499674140275507,-0.8404281139373779,-0.010201334953308106,0.32820531725883486,0.267543193805178,0.9966650779725281,0.278931587934494,0.015273100890745184,0.23586977641965135,-0.13174564721342819,-0.26656836682660059,-0.6429158461207476,-0.7931925838758804,0.48996713938409899,-0.9322308246253055,-0.7645699977874756,-0.7040615053211141,-0.6370456888858378,-0.9157257556425194,-0.8791479204312509,0.3639356881966531,0.6387909683556501,-0.6125264827957029,0.18833748896353343,0.8495712522437842,-1.2812603040134186,0.7216916578328245,0.1415753728777034,-0.11999762058258057,0.7462947931843549,0.8828321312900371,0.45251667335568515,-0.6033535883071364,-0.7430997731785176,0.8996074174646616,0.9367305707149782,-0.44106226221071057,1.0186439878441656,-0.7206286787986755,-0.2995394468307495,1.6390372901786903,-1.0684494097920157,-1.027309178673116,0.16251042188498988,-0.13775443312462699,-0.08500023559368586,-0.8601540904099778,-0.14035384211397074,0.6690707135667253,0.222150519490242,-0.8734080791473389,0.9185869135788494,-0.07386729564756989,0.19244823369301046,0.04628380227904927,-0.7446886875061729,-0.4265260554088002,-0.899128504304116,-0.28442349502905897,-0.6059875613414789,-0.601477483324917,0.9493597408808989,-0.40220655782855765,-0.10619813768551723,0.9114238629532956,0.6436611223514746,0.05498577439587393,0.3774943853388395,-0.1922246049563583,0.8265465998437662,-0.6433473461275199,-0.460902248982336,0.5471233129501343,0.4516355890927244,0.798701286315918,0.867736985181077,-1.0692339649545329,0.48675990103975766,0.07189541012222911,0.2634559496741318,0.9376376313862949,0.4779048836609707,0.4207050651722355,-0.47221168875694277,0.39250290565581205,0.9768493868642167,-0.24102148872590546,0.761097359407497,0.14505651439994694,-0.3098597829041396,-0.6551621244940229,-0.2707483354043405,0.5971087506868873,0.8545962161110809,-0.22792929380474903,-0.7456796197132132,0.74353611417963,0.3430533057087999,-0.15994329717182155,0.35452175379798236,0.7581613275575876,-0.8069248682456856,0.23867572445855068,-0.6325163467855841,0.6633297261381959,0.9200204726360841,-1.0321749484006162,0.3710179030895233,-0.6573072712923249,-0.3542781816388727,-1.265069387118917,-0.6682120462399961,0.6271629333496094,0.9299063901509697,-0.9404470920562744,-0.7396366131078587,0.7628063567074044,0.22781863142743576,0.7056783093658918,0.17109557132081577,-0.19533057704256152,-0.37849705498751975,-0.8103265762329102,-0.913936355048655,-0.26387451443828349,0.2546287126393887,0.9324927450736498,-0.1953662174145876,-0.5432259532704968,-0.9161860870521323,-0.9135133338207933,0.3890956631682929,0.14848759855494454,-0.7648665776349297,-0.9043139687402615,0.147699273426392,-0.1924163021089722,-0.520279688692213,0.09824493477903573,0.21352221333158284,0.7050225734710693,0.6367770615972654,-0.32586865522993238,0.9323114626630993,-0.7100471793428511,0.7431941032409668,0.8888497644721012,-0.3249920643960422,0.25636566819942888,-0.6118445127897942,0.9726443290710449,-0.38036162309321766,0.05371244960737087,-0.588772306741622,0.8792359828948975,-1.5657967602342069,-0.02719478334417591,-0.6954141654935953,0.30615443866100736,0.5045350561212736,-0.8691129084021334,-0.3732405196620112,-0.30860606480807376,0.10370888119372701,-0.39300121234905208,-0.24539594828164014,-0.7445938587188721,-0.1050211747904033,0.8772801427220982,-0.5544885434982589,0.07640894841795643,-0.6709840490651429,0.6812609623417494,0.8201366729894888,-0.24600663595237982,0.8947646518512222,0.5661258310652926,-0.25767888584404288,0.3650136889480322,-0.1525486707687378,-0.044568402359368878,0.820451885834018,0.9637407557485425,0.781098751248205,-0.798665814766329,0.5738321261236177,-0.14484797313575016,0.8557329300022758,-0.427827172513048,0.890630669688028,-1.006669902006791,-0.285677374918902]},{"row":8,"column":4,"elements":[-0.16465365886688233,0.9939279893970223,-0.08595785490453523,0.4479431681019077,-0.4106268163275004,-0.06841049619347928,-0.46475160121917727,-0.9708759385176435,0.1143568754196167,-0.4288972047306814,0.7464454174041748,0.2277932521416801,-0.7541641023910373,0.4917642980046617,-1.0164864523852622,-0.41097944155791846,0.6322478601259256,0.3009338080883026,-0.6013836868943443,-1.0007433637332968,-0.2254845087162849,-0.9809791754873878,-0.3389067908339687,0.8080331955588611,-0.018553154232350268,0.791226050581578,-0.3843626790992083,0.13991048013193464,0.06544354136564579,0.37513023614883425,0.34222592786146857,-0.9258204873013796]}],"biases":[{"row":1,"column":8,