{"weights":[{"row":46,"column":8,"elements":[0.16665625671722407,0.22400554478592306,0.5561502900357223,-0.840282964722098,0.8034332185572168,0.4911899268627167,0.5007515552634008,0.798246358212717,0.828050084700056,-0.29329217359784645,0.8854483759426586,-0.6555998673061776,0.5165222770901607,-0.6772693256749527,-0.6800507468893251,1.0087367055863875,0.5316209089774402,-0.09219422271789668,0.5253736620368983,0.9144372473833542,0.09198763623290185,-0.45261519791483809,-0.47118728631670417,-0.768006434991074,0.9690091609954834,0.465311041190851,0.43367260694503786,-0.020860782035928339,-0.3892283236781182,0.7693614066151753,0.5182450468552435,-0.4246556796807812,0.4227111464228237,-1.980658249261534,0.6021228682768274,0.128899741612153,-0.43070732521172019,0.005512496679216383,-0.6620780847536691,-0.9348262493055644,0.9694049098864355,-0.4694107472089257,0.13961267849275828,0.9603224169796043,-0.7896150318789097,0.4902755298197019,0.47343041175729186,0.29163982606018737,-0.5363470710145872,0.15517136370768815,-0.7966625667924845,-0.20134568722909486,-0.08685691395820006,0.5599178794765942,0.8287715911865234,0.9270450276332962,-1.7713784878277764,-0.05695097449135211,0.03907408050662298,0.11198597472067995,0.13103901421285969,-0.035802442304008866,0.4655782097699799,-0.32816942165908005,-0.4992103438295814,-0.6791697342207557,0.6427461272689639,-0.9233502118551016,0.14683552393501743,-0.08930616565936178,0.8643186698857943,-0.43809313004029218,0.9247288642993126,-0.3036659816973728,0.8877016335344319,-0.4148743949915854,0.6272844249445271,0.050850017381742777,0.3050589635318772,0.33572447483606396,0.5166647729701759,-0.333373307857447,-0.988876171461655,0.5293798735074464,-1.3280314207077027,0.5586612880640072,0.7568037198446564,0.523146270923224,0.5828171273319853,0.4202470321406153,0.5923062457822006,0.2075089940825272,-0.3047929622314278,-0.3679999880183984,0.24308368381383473,-0.15449738259057,0.3276177301558736,-0.5754397429091007,-0.15474683085800446,1.372763554171346,-0.854899910349161,-0.6994224834942298,0.5732797812253409,-0.3608007761600103,-0.1764729088723076,-0.011831328053717894,0.9500350135116804,1.097904125617796,-0.8797716919764085,-0.1810642254976802,0.2925144539859712,0.9639706776403436,0.7559966318749344,-0.8824009365287608,0.7002833895710809,-0.703430159969864,0.20984777574727254,0.12536284673186416,0.9027854686319738,-0.42856471601298909,-0.3955395178410228,0.08200745284557343,1.5928322076797486,-0.5747165059298438,-0.9936960754067932,0.06882926884752205,0.8199867299038672,0.0018223971170494569,-0.7951735497631329,-0.9882874923791292,-0.7324135303497315,0.5483817908751121,0.44807599088557828,0.5102851643497872,-0.11793249904559455,-0.08218872547149658,-0.09822406554781083,-0.7203539402459871,-0.046997666358947757,-0.3657185733318329,0.9872432296104514,-0.04612418388980599,0.6915038736140889,-1.31915283203125,-0.1507907513507103,-0.5072370973606484,0.5296281936480618,0.4321523606777191,-0.7216458359692233,-0.3111270665774697,-0.5447387107320658,-0.8352233707245796,-0.12885603938430457,-0.6199607960554312,-0.6176791538278081,-0.009670980606196978,0.14049409721406204,-0.004675488517999593,0.5733399021172758,0.021370331840510738,0.38388449446216957,-0.8394771317936902,-0.0491098995385606,0.3919817448881011,-0.8141029198436769,-0.28895051282082209,0.9471438995036383,0.24290557398272573,-0.8018322456385221,0.9158184627480743,-0.3110396411399048,0.41553794555484027,0.20302206955784375,0.7159247600442082,-0.7133208859089599,0.8152839226014885,-0.013650370893659059,-1.40346077189362,0.2798463730810834,0.40467756305149318,0.6349788063023887,-0.8628588925983083,0.7355298592571362,0.14898623649076549,0.4832882583141327,0.6565811485673501,0.44417185563686348,0.8868037964361655,-0.047394888826983287,-0.01728775910878788,-0.36440163363898706,0.22929252138557744,0.7333981847331348,0.7724774489658461,0.3804855195228356,-0.006615482736378908,-0.5634447119367643,0.2112810866727175,-0.6249909090438575,-1.0796108271078673,0.7254818781327304,-0.9835426807403565,0.738571194548685,0.8909813675021994,0.04896373180023972,-0.8347518444061279,-0.5289328169566154,-0.46999102364588377,-0.6518871010668175,-0.8125304878163817,-0.42732070764278898,0.06737771125822079,0.4569491612918988,0.9005649588420663,0.5427274210501363,-0.1851768661488622,-0.5599653045909613,-0.12185997179276775,-0.017524362204259348,-0.7308349572500896,-0.6223967185896397,0.32189920854352485,-0.10784618704977511,-0.8931955745866369,0.15917119663567726,0.5863072018955853,-0.09812986980045047,-0.21089340556477155,0.5719630078366702,0.642145812559507,-0.1023220711252888,-0.6273537247291978,-0.25643837517657178,0.6318281750653334,0.3825607487444973,0.8832127125335525,0.35909195525713857,0.0670991179070306,-0.11428808679429281,0.6484029140723351,0.6362602255965477,0.9594036373850432,0.01671610400080681,0.86035013717773,-0.4397550127945671,-0.15871755597791194,0.8853930546265012,-0.2332692781678798,-0.8145180849335789,-0.5221425754735094,0.548649802333026,0.02015276436313406,-0.5039989352226257,-0.09473467501136668,-0.7770168093865344,0.6830546701470857,0.1858229250357173,-1.48409888789892,-0.09700611317619679,-0.17058252843831335,0.9893229779094526,-0.31745040742421795,-0.03345497459531099,-0.23370944671589023,0.4456406763758878,0.5057546328395848,-1.2569681406021119,-0.9265990397809176,-0.026633444103680405,-0.2673849264033734,-0.943539778045746,-0.16560708429942395,1.0512087286884935,-0.3311972709096853,-0.7673123165510551,0.983683614905063,0.06048140725985007,0.7632222275263141,-0.510228655086765,-0.47630283255585229,0.1270081126446576,0.03174375044595479,0.1815458481442329,-0.594879484937366,-0.48935700899210846,-0.6100745481556515,-0.21704056076204826,0.7012907656229596,-0.41931907017306715,0.8203861854771368,0.21098302970084149,-0.28381049633026125,0.7096313015006839,-0.22664278126720206,0.489905347564326,0.23224866390228272,-0.1674207741739151,-0.563917935880113,0.070381057524457,0.7507477175098369,0.0810369361625547,0.31707597454431638,0.3437396885880548,0.6807298643429398,0.0929456402796236,-0.7253598843734395,-0.8776810549581384,-0.6539552026244593,0.5321337095497469,0.0021308336389456174,-0.043623129053611989,-0.5778544573921938,-0.30766114592552187,-0.401051156035626,-0.4808738535213273,-0.01044887726511945,0.310205704953628,-0.7184021310768252,0.5443716467805775,0.586147282301976,0.978958190211487,0.5036277499420545,-0.09933165593918148,-0.31470631573750876,-0.8461127644887352,-0.04949919126783975,-0.0549252029361913,-0.13887022047645204,-0.10818081349134445,0.17432993744802517,0.2920171823713491,-0.35968509316444399,-0.795995775135091,-0.2543868075190261,1.00404929182471,-0.6225889513561747,-1.0404822918328299,-0.8999138222278025,-0.004292656521055704,-0.5317823198748416,-0.16736424133761364,-0.4748105240424856,-0.8421282837146817,0.6614479916269715,-0.4765453861193931,-0.5184897780418396,-1.1698905828928475,0.018999269928134056,0.6724775859796746,0.8396167817145228,-0.7944887944776866,-0.02179770103950318,1.0165101568528599,-0.8120974642596817,0.0895763962504077,0.3297859621393098,0.6836452212179509,-0.24957069213987638,-0.3070770810026673,0.16576226127317124,-0.052280894673403469,-1.0561132374694964,-0.2406894798421071,-0.46936757148188326,0.6257165757785796,-1.018792748451233,0.20570166041617189,-0.19327300569235107]},{"row":8,"column":4,"elements":[0.0140959407417931,0.8969360209403656,-0.5022918630251709,-1.3519285589539863,-0.5355595582768089,-0.21373850404492956,0.5437339932958274,-0.6895291521722662,-0.9245277211210384,1.0568787771203959,0.33019544646838208,0.06361861535972224,-0.2978673656205082,0.43984857573048688,-0.713726700398917,-1.2026171684265137,0.7353828206695008,0.47049051958283086,0.1298777744381363,-0.7391351607575452,-0.9607605668065666,-0.19970246274286475,-0.9995609902695435,-0.24071287232063932,0.7506036263290721,0.28047773241996767,-0.5159690637754473,-0.6351250037221101,0.8228867557390611,-0.4822725919048487,0.37992452606101426,0.14384627091778413]}],