{"weights":[{"row":46,"column":8,"elements":[-0.4305460670137573,0.043459368550439639,0.05301000559653435,-0.8439449039799378,0.07869227333574303,-0.1834510215352767,0.6599341825660425,0.06998256983336326,0.3928587141834065,-0.8582207304359573,-1.0163413513918496,-0.6459409174595959,-0.9160268068783993,-0.6599476287749508,-0.21323965920865563,-1.2761284852979094,-0.15360609658460526,0.7398854846696403,0.019571722614032839,-0.7489403264280896,-0.4686878022931329,0.020401746910473307,-0.15623326929849547,-0.548481107387732,0.010051407821922404,-0.22290622452438753,-0.49417735820023359,1.1575769543455677,-0.8913637215116554,0.34814980543806298,0.6959364436931802,-1.0804091612773124,0.2096331125092028,0.49561658984237857,-1.0423954227252388,0.36588538448011045,0.5070545553654366,-0.20086452023507662,-0.4779796739876579,0.22193631009804908,0.1732035365837159,-0.07889971793520867,-0.47185784995924898,-0.6028007298918596,-1.1359935057022824,0.7518020838474209,0.15868674345212264,0.37662824988365176,0.7843962927720527,0.21568994846872459,0.6703824011319867,-0.7715523925285925,0.9758476253745909,-0.199640142905968,-0.5656854529729791,-0.16879439668336017,0.028412479798158087,-0.743817423641732,0.2507057131982131,0.6947781300042716,-0.8376263978190188,0.41750839832024758,0.2573776670594232,-0.3675799126107596,-0.26194043520751367,-0.6700299827603415,-0.239132574965644,-0.037948968976427497,-0.5906938910484314,-0.8388425752829527,-0.03488866249812139,-0.0872035619411349,-0.42130943074831248,0.17393911123522133,0.762033427996635,-0.46910980962547157,-0.41008754557425017,0.48779184166703595,-1.3385532322091356,-0.7409171026608177,1.1845647256499093,0.5753234577813502,-0.20397946084096398,1.0847267318985537,0.8897837890106509,-0.23468552827352977,-0.7431899461691129,0.8630811829177848,-0.9536989913996745,-0.5565433757806955,2.0044080901834375,0.176419114548666,0.29109033986657287,0.31369064838542229,-0.7134039998054504,-0.17056951769700577,-0.8439546369862357,-0.7536416910582517,0.901609242828566,0.06283459843529027,0.9183660684154577,-0.21416866278051073,0.14367953069617793,0.28799106942387478,-0.932047126028115,0.5932767173218569,-0.6394861972200037,-0.0706008664160177,0.6823326760816386,-0.872470161762487,-0.2688725818278018,-0.3834166973474269,-0.5416296468671,-0.6192921007825017,2.446494900208499,0.2530920025509421,-0.9057811834932515,0.8158497917991343,-2.563522848529448,-0.2244497040168647,0.06012482609035841,-0.881925780250998,0.548119294947945,0.7502901318119648,-0.12326567024812152,-0.6858934737414719,-1.3667086848771684,-1.1426258844698026,0.8144385153186513,-0.8721762045036683,-0.23757488480710088,-0.44708004539381809,-0.33091292939269476,-0.3416656788193354,0.27079079869366398,-0.628984690918319,2.1088644252959738,0.7033313730204063,0.3670649250950425,-0.3677062816733664,-0.07012821180928297,-0.44842239094316996,0.7732584902145759,0.5954259190773734,-1.107539393031515,-0.7313112722125854,0.1963156875385339,-0.7461363269789594,0.7868472320697832,0.6829791010059276,-0.7385424417507568,-0.895181786089674,-0.0028077843599021436,-0.8900840416590566,1.1044400003110398,-0.6081673113483239,0.19831503665346707,-0.7898698660056955,-0.12859058020437456,0.8284681135962599,-1.2932559929123034,-0.39328015392644879,-0.7519162771718104,0.9760128772637997,-0.17702651122803296,0.5116655347728544,-1.1587987939328813,-0.7725815147378019,-0.4349834837050478,-0.4356127371058849,-1.9390018999117836,0.17824536298540506,-0.7658789662482659,-0.4090864443637584,0.10488953927562889,-0.915508126758561,0.35662974941306049,0.46012920947482308,-0.17671929411287447,-0.5852483319197235,0.8646495459886435,-0.4190485655689856,-1.7421009719977079,-0.30565410480752766,0.7570128380562721,-0.031122333625573707,-0.26266507457246876,-0.1922502288488634,-0.5827016163165402,-0.43206498461074219,-0.1695258439430138,-0.20543834383062446,-0.5831510246047107,0.43485710193387519,0.29870365372268217,-1.066156909488654,0.6892557234374217,-0.39433366544103,0.8860750509003923,1.1211408819927092,0.09874993604365656,0.3030638939148944,0.3170019801080437,-0.7990039908973736,0.8448742325120422,0.021039459274285745,-1.0363744725214273,0.3734289144810028,0.6513315702626619,-0.018378940710868237,-0.6775942259413115,-0.3662570150031508,-0.773091142589284,0.4195461474142281,-0.13709684996267508,-0.15429512582314876,1.0262676100318354,0.21332901440161557,0.4340063955399245,0.7305943661449149,-0.0055343539626559229,1.1996684267601652,-1.1289624420198732,0.8124177587898136,-0.5129461964075426,-0.33824431058088746,-0.5961755428341797,0.6519901614941432,-1.2894634525762628,-0.1750480367543763,-0.705952594943333,-0.9548049808470847,-0.6144921443584948,-0.0317811943467281,1.1660684654222163,-0.26097352921220975,-0.7703168547794668,0.410994983849825,-0.14360731646477799,0.07770332862797205,0.2781298304893223,0.6148816372893293,1.3743307370682885,0.5265315245026514,-0.12944634668876987,-0.5452276983800624,1.1214840662382529,-1.4998432828493785,-0.0848143791181486,0.8516506253664611,1.14407568992316,0.8278789563175064,-0.5022122911587141,-0.2726887022444606,0.6390449452068605,-0.1882459812744579,0.46842145528704956,1.1876914247254787,-1.7807117792643346,-0.19123987833146084,0.09122546096267487,-0.40777405335572239,1.3708595437589475,0.16159621822521104,-0.7076630628728251,0.8283947625353654,-0.7230835527535026,1.060402848334518,2.6425656423969317,-0.4993221025659471,1.101001501083374,-0.8380821347236633,-0.7391062063870306,-0.5149995599549104,0.38856648322313239,-0.5033338195775348,-0.10507545178036781,-0.18492672946696693,-1.2387929227242918,1.231212765611644,-0.43506510122877387,0.973007084948742,0.40821177199730576,0.17925059543251876,-0.4714427145177873,-0.811890445991405,1.028525562191821,0.2949020722414062,0.8364973732596716,-1.0117719924258076,-0.36257341690604286,-0.02938069332415494,0.552887100487935,0.0113021458586436,-0.8945236250056241,-1.1904073405321448,0.5013826028871298,0.18920153947259445,-1.2056462445145009,0.5397851061546302,0.5368110512866737,-0.6479064878162385,3.051533721941254,-0.522293087227761,-0.29651656677519036,-0.3575091498265163,-1.1206225256450063,-0.06830983567851995,-0.8922585811336239,1.0252756935252654,-1.358100039758762,0.15330505981009957,-0.5229501755465862,0.03867350537656339,-0.1372021754917161,-0.554333527207816,0.10573582520477298,0.8994351935123781,-0.25752914691791076,-1.4684388637542725,0.07061607257093822,0.5573660837424177,0.8268093570873513,-0.6096528087514744,2.105399911179238,0.7311763778297318,0.14556550988922746,0.4637783309397331,1.908917376647411,0.9543416889352472,-1.0772232782108362,0.5810532815714923,-0.43627557330187907,-0.5582027097806611,1.1784039319658045,-0.3546604886350153,-0.9207544508609245,-0.04409231485636181,-0.6342172563911807,0.6265016800269874,-0.9356448484458336,0.5952633220939221,-0.6957122573007726,-0.7227553158402287,0.7155506522402731,-0.8744890248927288,0.9470388485217617,-0.8784622595968092,0.6098004269735307,-1.3580535387082958,0.47224271749761839,-0.7040886439901297,0.2808611096175344,0.4304734231929815,0.04951939441971254,0.5622930649235289,-0.9870065831610881,0.7689016312387791,-0.9615220420045278,-0.9013179206201635,-0.606986223776415,0.43466618079925448,-0.19637322425842286,1.4599251685778297,0.4106856280783973,-0.861870209331419,-2.0826555839019824,-0.8024194397367217]},{"row":8,"column":4,"elements":[0.36496790319889096,0.7417513460079261,0.6997718558105757,-0.7887938974867852,-0.5476862417356131,0.024922934415687826,1.2966631207800264,1.0595449752151383,0.1342703092189848,-0.8257519853834434,0.009685749010793998,0.9548133378717924,-0.2596807785564168,-0.13608043665206227,0.43695477344686309,0.8646486736443011,-1.09489121754958,-0.5375582806172771,0.9781917981829691,0.07177312672138214,0.013163546110028013,-0.76026011534316,0.8814572796209457,0.4688932498181156,-0.4500906926131081,0.7236652911259958,0.7052303712776489,-0.11928331545268023,0.32318989264012468,0.6603599082710767,0.49833108593893518,0.5675393728493601]}],